"","id","medium","headline","date"
"1",111541965,"Speeches","Barack Obama",2013-02-12
"2",111541995,"Speeches","Barack Obama",2013-02-12
"3",111542001,"Speeches","Barack Obama",2013-02-12
"4",111542006,"Speeches","Barack Obama",2013-02-12
"5",111542013,"Speeches","Barack Obama",2013-02-12
"6",111542018,"Speeches","Barack Obama",2013-02-12
"7",111542020,"Speeches","Barack Obama",2013-02-12
"8",111542025,"Speeches","Barack Obama",2013-02-12
"9",111542032,"Speeches","Barack Obama",2013-02-12
"10",111542044,"Speeches","Barack Obama",2013-02-12
"11",111542057,"Speeches","Barack Obama",2014-01-28
"12",111542063,"Speeches","Barack Obama",2014-01-28
"13",111542064,"Speeches","Barack Obama",2014-01-28
"14",111542071,"Speeches","Barack Obama",2014-01-28
"15",111542088,"Speeches","Barack Obama",2014-01-28
"16",111542107,"Speeches","Barack Obama",2014-01-28
"17",111542114,"Speeches","Barack Obama",2014-01-28
"18",111542119,"Speeches","Barack Obama",2014-01-28
"19",111542126,"Speeches","Barack Obama",2014-01-28
"20",111542133,"Speeches","Barack Obama",2014-01-28
"21",111542139,"Speeches","Barack Obama",2009-02-24
"22",111542157,"Speeches","Barack Obama",2009-02-24
"23",111542164,"Speeches","Barack Obama",2009-02-24
"24",111542169,"Speeches","Barack Obama",2009-02-24
"25",111542177,"Speeches","Barack Obama",2009-02-24
"26",111542184,"Speeches","Barack Obama",2009-02-24
"27",111542189,"Speeches","Barack Obama",2009-02-24
"28",111542203,"Speeches","Barack Obama",2009-02-24
"29",111542204,"Speeches","Barack Obama",2009-02-24
"30",111542208,"Speeches","Barack Obama",2009-02-24
"31",111542253,"Speeches","Barack Obama",2010-01-27
"32",111542258,"Speeches","Barack Obama",2010-01-27
"33",111542260,"Speeches","Barack Obama",2010-01-27
"34",111542265,"Speeches","Barack Obama",2010-01-27
"35",111542272,"Speeches","Barack Obama",2010-01-27
"36",111542278,"Speeches","Barack Obama",2010-01-27
"37",111542284,"Speeches","Barack Obama",2010-01-27
"38",111542285,"Speeches","Barack Obama",2010-01-27
"39",111542289,"Speeches","Barack Obama",2010-01-27
"40",111542291,"Speeches","Barack Obama",2010-01-27
"41",111542304,"Speeches","Barack Obama",2011-01-25
"42",111542342,"Speeches","Barack Obama",2011-01-25
"43",111542347,"Speeches","Barack Obama",2011-01-25
"44",111542354,"Speeches","Barack Obama",2011-01-25
"45",111542359,"Speeches","Barack Obama",2011-01-25
"46",111542361,"Speeches","Barack Obama",2011-01-25
"47",111542373,"Speeches","Barack Obama",2011-01-25
"48",111542392,"Speeches","Barack Obama",2011-01-25
"49",111542397,"Speeches","Barack Obama",2011-01-25
"50",111542400,"Speeches","Barack Obama",2011-01-25
"51",111542412,"Speeches","Barack Obama",2012-01-24
"52",111542417,"Speeches","Barack Obama",2012-01-24
"53",111542429,"Speeches","Barack Obama",2012-01-24
"54",111542431,"Speeches","Barack Obama",2012-01-24
"55",111542467,"Speeches","Barack Obama",2012-01-24
"56",111542474,"Speeches","Barack Obama",2012-01-24
"57",111542479,"Speeches","Barack Obama",2012-01-24
"58",111542481,"Speeches","Barack Obama",2012-01-24
"59",111542486,"Speeches","Barack Obama",2012-01-24
"60",111542493,"Speeches","Barack Obama",2012-01-24
"61",111542519,"Speeches","George W. Bush",2005-02-02
"62",111542521,"Speeches","George W. Bush",2005-02-02
"63",111542526,"Speeches","George W. Bush",2005-02-02
"64",111542533,"Speeches","George W. Bush",2005-02-02
"65",111542540,"Speeches","George W. Bush",2005-02-02
"66",111542544,"Speeches","George W. Bush",2005-02-02
"67",111542545,"Speeches","George W. Bush",2005-02-02
"68",111542551,"Speeches","George W. Bush",2005-02-02
"69",111542552,"Speeches","George W. Bush",2005-02-02
"70",111542569,"Speeches","George W. Bush",2005-02-02
"71",111542576,"Speeches","George W. Bush",2006-01-31
"72",111542583,"Speeches","George W. Bush",2006-01-31
"73",111542588,"Speeches","George W. Bush",2006-01-31
"74",111542590,"Speeches","George W. Bush",2006-01-31
"75",111542595,"Speeches","George W. Bush",2006-01-31
"76",111542599,"Speeches","George W. Bush",2006-01-31
"77",111542602,"Speeches","George W. Bush",2006-01-31
"78",111542603,"Speeches","George W. Bush",2006-01-31
"79",111542619,"Speeches","George W. Bush",2006-01-31
"80",111542621,"Speeches","George W. Bush",2006-01-31
"81",111542646,"Speeches","George W. Bush",2007-01-23
"82",111542653,"Speeches","George W. Bush",2007-01-23
"83",111542658,"Speeches","George W. Bush",2007-01-23
"84",111542660,"Speeches","George W. Bush",2007-01-23
"85",111542665,"Speeches","George W. Bush",2007-01-23
"86",111542672,"Speeches","George W. Bush",2007-01-23
"87",111542684,"Speeches","George W. Bush",2007-01-23
"88",111542689,"Speeches","George W. Bush",2007-01-23
"89",111542691,"Speeches","George W. Bush",2007-01-23
"90",111542695,"Speeches","George W. Bush",2007-01-23
"91",111542703,"Speeches","George W. Bush",2008-01-28
"92",111542708,"Speeches","George W. Bush",2008-01-28
"93",111542709,"Speeches","George W. Bush",2008-01-28
"94",111542710,"Speeches","George W. Bush",2008-01-28
"95",111542711,"Speeches","George W. Bush",2008-01-28
"96",111542722,"Speeches","George W. Bush",2008-01-28
"97",111542723,"Speeches","George W. Bush",2008-01-28
"98",111542728,"Speeches","George W. Bush",2008-01-28
"99",111542735,"Speeches","George W. Bush",2008-01-28
"100",111542742,"Speeches","George W. Bush",2008-01-28
"101",111542773,"Speeches","George W. Bush",2001-02-27
"102",111542778,"Speeches","George W. Bush",2001-02-27
"103",111542780,"Speeches","George W. Bush",2001-02-27
"104",111542785,"Speeches","George W. Bush",2001-02-27
"105",111542797,"Speeches","George W. Bush",2001-02-27
"106",111542800,"Speeches","George W. Bush",2001-02-27
"107",111542823,"Speeches","George W. Bush",2001-02-27
"108",111542828,"Speeches","George W. Bush",2001-02-27
"109",111542830,"Speeches","George W. Bush",2001-02-27
"110",111542835,"Speeches","George W. Bush",2001-02-27
"111",111542843,"Speeches","George W. Bush",2002-01-29
"112",111542848,"Speeches","George W. Bush",2002-01-29
"113",111542850,"Speeches","George W. Bush",2002-01-29
"114",111542855,"Speeches","George W. Bush",2002-01-29
"115",111542862,"Speeches","George W. Bush",2002-01-29
"116",111542867,"Speeches","George W. Bush",2002-01-29
"117",111542880,"Speeches","George W. Bush",2002-01-29
"118",111542881,"Speeches","George W. Bush",2002-01-29
"119",111542885,"Speeches","George W. Bush",2002-01-29
"120",111542900,"Speeches","George W. Bush",2002-01-29
"121",111542918,"Speeches","George W. Bush",2003-01-28
"122",111542932,"Speeches","George W. Bush",2003-01-28
"123",111542937,"Speeches","George W. Bush",2003-01-28
"124",111542943,"Speeches","George W. Bush",2003-01-28
"125",111542948,"Speeches","George W. Bush",2003-01-28
"126",111542949,"Speeches","George W. Bush",2003-01-28
"127",111542955,"Speeches","George W. Bush",2003-01-28
"128",111542967,"Speeches","George W. Bush",2003-01-28
"129",111542979,"Speeches","George W. Bush",2003-01-28
"130",111542981,"Speeches","George W. Bush",2003-01-28
"131",111542987,"Speeches","George W. Bush",2004-01-20
"132",111542994,"Speeches","George W. Bush",2004-01-20
"133",111542999,"Speeches","George W. Bush",2004-01-20
"134",111543005,"Speeches","George W. Bush",2004-01-20
"135",111543012,"Speeches","George W. Bush",2004-01-20
"136",111543023,"Speeches","George W. Bush",2004-01-20
"137",111543024,"Speeches","George W. Bush",2004-01-20
"138",111543031,"Speeches","George W. Bush",2004-01-20
"139",111543035,"Speeches","George W. Bush",2004-01-20
"140",111543042,"Speeches","George W. Bush",2004-01-20
"141",111551832,"Speeches","Barack Obama",2013-02-12
"142",111551833,"Speeches","Barack Obama",2013-02-12
"143",111551834,"Speeches","Barack Obama",2013-02-12
"144",111551835,"Speeches","Barack Obama",2013-02-12
"145",111551836,"Speeches","Barack Obama",2013-02-12
"146",111551837,"Speeches","Barack Obama",2013-02-12
"147",111551838,"Speeches","Barack Obama",2013-02-12
"148",111551839,"Speeches","Barack Obama",2013-02-12
"149",111551840,"Speeches","Barack Obama",2013-02-12
"150",111551841,"Speeches","Barack Obama",2013-02-12
"151",111551842,"Speeches","Barack Obama",2013-02-12
"152",111551843,"Speeches","Barack Obama",2013-02-12
"153",111551844,"Speeches","Barack Obama",2013-02-12
"154",111551845,"Speeches","Barack Obama",2013-02-12
"155",111551846,"Speeches","Barack Obama",2013-02-12
"156",111551847,"Speeches","Barack Obama",2013-02-12
"157",111551848,"Speeches","Barack Obama",2013-02-12
"158",111551849,"Speeches","Barack Obama",2013-02-12
"159",111551850,"Speeches","Barack Obama",2013-02-12
"160",111551851,"Speeches","Barack Obama",2013-02-12
"161",111551852,"Speeches","Barack Obama",2013-02-12
"162",111551853,"Speeches","Barack Obama",2013-02-12
"163",111551854,"Speeches","Barack Obama",2013-02-12
"164",111551855,"Speeches","Barack Obama",2013-02-12
"165",111551856,"Speeches","Barack Obama",2013-02-12
"166",111551857,"Speeches","Barack Obama",2013-02-12
"167",111551858,"Speeches","Barack Obama",2013-02-12
"168",111551859,"Speeches","Barack Obama",2013-02-12
"169",111551860,"Speeches","Barack Obama",2013-02-12
"170",111551861,"Speeches","Barack Obama",2013-02-12
"171",111551862,"Speeches","Barack Obama",2013-02-12
"172",111551863,"Speeches","Barack Obama",2013-02-12
"173",111551864,"Speeches","Barack Obama",2013-02-12
"174",111551865,"Speeches","Barack Obama",2013-02-12
"175",111551866,"Speeches","Barack Obama",2013-02-12
"176",111551867,"Speeches","Barack Obama",2013-02-12
"177",111551868,"Speeches","Barack Obama",2013-02-12
"178",111551869,"Speeches","Barack Obama",2013-02-12
"179",111551870,"Speeches","Barack Obama",2013-02-12
"180",111551871,"Speeches","Barack Obama",2013-02-12
"181",111551872,"Speeches","Barack Obama",2013-02-12
"182",111551873,"Speeches","Barack Obama",2013-02-12
"183",111551874,"Speeches","Barack Obama",2013-02-12
"184",111551875,"Speeches","Barack Obama",2013-02-12
"185",111551876,"Speeches","Barack Obama",2013-02-12
"186",111551877,"Speeches","Barack Obama",2013-02-12
"187",111551878,"Speeches","Barack Obama",2013-02-12
"188",111551879,"Speeches","Barack Obama",2013-02-12
"189",111551880,"Speeches","Barack Obama",2013-02-12
"190",111551881,"Speeches","Barack Obama",2013-02-12
"191",111551882,"Speeches","Barack Obama",2013-02-12
"192",111551883,"Speeches","Barack Obama",2013-02-12
"193",111551884,"Speeches","Barack Obama",2013-02-12
"194",111551885,"Speeches","Barack Obama",2013-02-12
"195",111551886,"Speeches","Barack Obama",2013-02-12
"196",111551887,"Speeches","Barack Obama",2013-02-12
"197",111551888,"Speeches","Barack Obama",2013-02-12
"198",111551889,"Speeches","Barack Obama",2013-02-12
"199",111551890,"Speeches","Barack Obama",2013-02-12
"200",111551891,"Speeches","Barack Obama",2013-02-12
"201",111551892,"Speeches","Barack Obama",2013-02-12
"202",111551893,"Speeches","Barack Obama",2013-02-12
"203",111551894,"Speeches","Barack Obama",2013-02-12
"204",111551895,"Speeches","Barack Obama",2013-02-12
"205",111551896,"Speeches","Barack Obama",2013-02-12
"206",111551897,"Speeches","Barack Obama",2013-02-12
"207",111551898,"Speeches","Barack Obama",2013-02-12
"208",111551899,"Speeches","Barack Obama",2013-02-12
"209",111551900,"Speeches","Barack Obama",2013-02-12
"210",111551901,"Speeches","Barack Obama",2013-02-12
"211",111551902,"Speeches","Barack Obama",2013-02-12
"212",111551903,"Speeches","Barack Obama",2013-02-12
"213",111551904,"Speeches","Barack Obama",2013-02-12
"214",111551905,"Speeches","Barack Obama",2013-02-12
"215",111551906,"Speeches","Barack Obama",2013-02-12
"216",111551907,"Speeches","Barack Obama",2013-02-12
"217",111551908,"Speeches","Barack Obama",2013-02-12
"218",111551909,"Speeches","Barack Obama",2013-02-12
"219",111551910,"Speeches","Barack Obama",2013-02-12
"220",111551911,"Speeches","Barack Obama",2013-02-12
"221",111551912,"Speeches","Barack Obama",2013-02-12
"222",111551913,"Speeches","Barack Obama",2013-02-12
"223",111551914,"Speeches","Barack Obama",2014-01-28
"224",111551915,"Speeches","Barack Obama",2014-01-28
"225",111551916,"Speeches","Barack Obama",2014-01-28
"226",111551917,"Speeches","Barack Obama",2014-01-28
"227",111551918,"Speeches","Barack Obama",2014-01-28
"228",111551919,"Speeches","Barack Obama",2014-01-28
"229",111551920,"Speeches","Barack Obama",2014-01-28
"230",111551921,"Speeches","Barack Obama",2014-01-28
"231",111551922,"Speeches","Barack Obama",2014-01-28
"232",111551923,"Speeches","Barack Obama",2014-01-28
"233",111551924,"Speeches","Barack Obama",2014-01-28
"234",111551925,"Speeches","Barack Obama",2014-01-28
"235",111551926,"Speeches","Barack Obama",2014-01-28
"236",111551927,"Speeches","Barack Obama",2014-01-28
"237",111551928,"Speeches","Barack Obama",2014-01-28
"238",111551929,"Speeches","Barack Obama",2014-01-28
"239",111551930,"Speeches","Barack Obama",2014-01-28
"240",111551931,"Speeches","Barack Obama",2014-01-28
"241",111551932,"Speeches","Barack Obama",2014-01-28
"242",111551933,"Speeches","Barack Obama",2014-01-28
"243",111551934,"Speeches","Barack Obama",2014-01-28
"244",111551935,"Speeches","Barack Obama",2014-01-28
"245",111551936,"Speeches","Barack Obama",2014-01-28
"246",111551937,"Speeches","Barack Obama",2014-01-28
"247",111551938,"Speeches","Barack Obama",2014-01-28
"248",111551939,"Speeches","Barack Obama",2014-01-28
"249",111551940,"Speeches","Barack Obama",2014-01-28
"250",111551941,"Speeches","Barack Obama",2014-01-28
"251",111551942,"Speeches","Barack Obama",2014-01-28
"252",111551943,"Speeches","Barack Obama",2014-01-28
"253",111551944,"Speeches","Barack Obama",2014-01-28
"254",111551945,"Speeches","Barack Obama",2014-01-28
"255",111551946,"Speeches","Barack Obama",2014-01-28
"256",111551947,"Speeches","Barack Obama",2014-01-28
"257",111551948,"Speeches","Barack Obama",2014-01-28
"258",111551949,"Speeches","Barack Obama",2014-01-28
"259",111551950,"Speeches","Barack Obama",2014-01-28
"260",111551951,"Speeches","Barack Obama",2014-01-28
"261",111551952,"Speeches","Barack Obama",2014-01-28
"262",111551953,"Speeches","Barack Obama",2014-01-28
"263",111551954,"Speeches","Barack Obama",2014-01-28
"264",111551955,"Speeches","Barack Obama",2014-01-28
"265",111551956,"Speeches","Barack Obama",2014-01-28
"266",111551957,"Speeches","Barack Obama",2014-01-28
"267",111551958,"Speeches","Barack Obama",2014-01-28
"268",111551959,"Speeches","Barack Obama",2014-01-28
"269",111551960,"Speeches","Barack Obama",2014-01-28
"270",111551961,"Speeches","Barack Obama",2014-01-28
"271",111551962,"Speeches","Barack Obama",2014-01-28
"272",111551963,"Speeches","Barack Obama",2014-01-28
"273",111551964,"Speeches","Barack Obama",2014-01-28
"274",111551965,"Speeches","Barack Obama",2014-01-28
"275",111551966,"Speeches","Barack Obama",2014-01-28
"276",111551967,"Speeches","Barack Obama",2014-01-28
"277",111551968,"Speeches","Barack Obama",2014-01-28
"278",111551969,"Speeches","Barack Obama",2014-01-28
"279",111551970,"Speeches","Barack Obama",2014-01-28
"280",111551971,"Speeches","Barack Obama",2014-01-28
"281",111551972,"Speeches","Barack Obama",2014-01-28
"282",111551973,"Speeches","Barack Obama",2014-01-28
"283",111551974,"Speeches","Barack Obama",2014-01-28
"284",111551975,"Speeches","Barack Obama",2014-01-28
"285",111551976,"Speeches","Barack Obama",2014-01-28
"286",111551977,"Speeches","Barack Obama",2014-01-28
"287",111551978,"Speeches","Barack Obama",2014-01-28
"288",111551979,"Speeches","Barack Obama",2014-01-28
"289",111551980,"Speeches","Barack Obama",2014-01-28
"290",111551981,"Speeches","Barack Obama",2014-01-28
"291",111551982,"Speeches","Barack Obama",2014-01-28
"292",111551983,"Speeches","Barack Obama",2014-01-28
"293",111551984,"Speeches","Barack Obama",2014-01-28
"294",111551985,"Speeches","Barack Obama",2014-01-28
"295",111551986,"Speeches","Barack Obama",2014-01-28
"296",111551987,"Speeches","Barack Obama",2009-02-24
"297",111551988,"Speeches","Barack Obama",2009-02-24
"298",111551989,"Speeches","Barack Obama",2009-02-24
"299",111551990,"Speeches","Barack Obama",2009-02-24
"300",111551991,"Speeches","Barack Obama",2009-02-24
"301",111551992,"Speeches","Barack Obama",2009-02-24
"302",111551993,"Speeches","Barack Obama",2009-02-24
"303",111551994,"Speeches","Barack Obama",2009-02-24
"304",111551995,"Speeches","Barack Obama",2009-02-24
"305",111551996,"Speeches","Barack Obama",2009-02-24
"306",111551997,"Speeches","Barack Obama",2009-02-24
"307",111551998,"Speeches","Barack Obama",2009-02-24
"308",111551999,"Speeches","Barack Obama",2009-02-24
"309",111552000,"Speeches","Barack Obama",2009-02-24
"310",111552001,"Speeches","Barack Obama",2009-02-24
"311",111552002,"Speeches","Barack Obama",2009-02-24
"312",111552003,"Speeches","Barack Obama",2009-02-24
"313",111552004,"Speeches","Barack Obama",2009-02-24
"314",111552005,"Speeches","Barack Obama",2009-02-24
"315",111552006,"Speeches","Barack Obama",2009-02-24
"316",111552007,"Speeches","Barack Obama",2009-02-24
"317",111552008,"Speeches","Barack Obama",2009-02-24
"318",111552009,"Speeches","Barack Obama",2009-02-24
"319",111552010,"Speeches","Barack Obama",2009-02-24
"320",111552011,"Speeches","Barack Obama",2009-02-24
"321",111552012,"Speeches","Barack Obama",2009-02-24
"322",111552013,"Speeches","Barack Obama",2009-02-24
"323",111552014,"Speeches","Barack Obama",2009-02-24
"324",111552015,"Speeches","Barack Obama",2009-02-24
"325",111552016,"Speeches","Barack Obama",2009-02-24
"326",111552017,"Speeches","Barack Obama",2009-02-24
"327",111552018,"Speeches","Barack Obama",2009-02-24
"328",111552019,"Speeches","Barack Obama",2009-02-24
"329",111552020,"Speeches","Barack Obama",2009-02-24
"330",111552021,"Speeches","Barack Obama",2009-02-24
"331",111552022,"Speeches","Barack Obama",2009-02-24
"332",111552023,"Speeches","Barack Obama",2009-02-24
"333",111552024,"Speeches","Barack Obama",2009-02-24
"334",111552025,"Speeches","Barack Obama",2009-02-24
"335",111552026,"Speeches","Barack Obama",2009-02-24
"336",111552027,"Speeches","Barack Obama",2009-02-24
"337",111552028,"Speeches","Barack Obama",2009-02-24
"338",111552029,"Speeches","Barack Obama",2009-02-24
"339",111552030,"Speeches","Barack Obama",2009-02-24
"340",111552031,"Speeches","Barack Obama",2009-02-24
"341",111552032,"Speeches","Barack Obama",2009-02-24
"342",111552033,"Speeches","Barack Obama",2009-02-24
"343",111552034,"Speeches","Barack Obama",2009-02-24
"344",111552035,"Speeches","Barack Obama",2009-02-24
"345",111552036,"Speeches","Barack Obama",2009-02-24
"346",111552037,"Speeches","Barack Obama",2009-02-24
"347",111552038,"Speeches","Barack Obama",2009-02-24
"348",111552039,"Speeches","Barack Obama",2009-02-24
"349",111552040,"Speeches","Barack Obama",2009-02-24
"350",111552041,"Speeches","Barack Obama",2009-02-24
"351",111552042,"Speeches","Barack Obama",2009-02-24
"352",111552043,"Speeches","Barack Obama",2009-02-24
"353",111552044,"Speeches","Barack Obama",2009-02-24
"354",111552045,"Speeches","Barack Obama",2009-02-24
"355",111552046,"Speeches","Barack Obama",2009-02-24
"356",111552047,"Speeches","Barack Obama",2009-02-24
"357",111552048,"Speeches","Barack Obama",2009-02-24
"358",111552049,"Speeches","Barack Obama",2009-02-24
"359",111552050,"Speeches","Barack Obama",2009-02-24
"360",111552051,"Speeches","Barack Obama",2010-01-27
"361",111552052,"Speeches","Barack Obama",2010-01-27
"362",111552053,"Speeches","Barack Obama",2010-01-27
"363",111552054,"Speeches","Barack Obama",2010-01-27
"364",111552055,"Speeches","Barack Obama",2010-01-27
"365",111552056,"Speeches","Barack Obama",2010-01-27
"366",111552057,"Speeches","Barack Obama",2010-01-27
"367",111552058,"Speeches","Barack Obama",2010-01-27
"368",111552059,"Speeches","Barack Obama",2010-01-27
"369",111552060,"Speeches","Barack Obama",2010-01-27
"370",111552061,"Speeches","Barack Obama",2010-01-27
"371",111552062,"Speeches","Barack Obama",2010-01-27
"372",111552063,"Speeches","Barack Obama",2010-01-27
"373",111552064,"Speeches","Barack Obama",2010-01-27
"374",111552065,"Speeches","Barack Obama",2010-01-27
"375",111552066,"Speeches","Barack Obama",2010-01-27
"376",111552067,"Speeches","Barack Obama",2010-01-27
"377",111552068,"Speeches","Barack Obama",2010-01-27
"378",111552069,"Speeches","Barack Obama",2010-01-27
"379",111552070,"Speeches","Barack Obama",2010-01-27
"380",111552071,"Speeches","Barack Obama",2010-01-27
"381",111552072,"Speeches","Barack Obama",2010-01-27
"382",111552073,"Speeches","Barack Obama",2010-01-27
"383",111552074,"Speeches","Barack Obama",2010-01-27
"384",111552075,"Speeches","Barack Obama",2010-01-27
"385",111552076,"Speeches","Barack Obama",2010-01-27
"386",111552077,"Speeches","Barack Obama",2010-01-27
"387",111552078,"Speeches","Barack Obama",2010-01-27
"388",111552079,"Speeches","Barack Obama",2010-01-27
"389",111552080,"Speeches","Barack Obama",2010-01-27
"390",111552081,"Speeches","Barack Obama",2010-01-27
"391",111552082,"Speeches","Barack Obama",2010-01-27
"392",111552083,"Speeches","Barack Obama",2010-01-27
"393",111552084,"Speeches","Barack Obama",2010-01-27
"394",111552085,"Speeches","Barack Obama",2010-01-27
"395",111552086,"Speeches","Barack Obama",2010-01-27
"396",111552087,"Speeches","Barack Obama",2010-01-27
"397",111552088,"Speeches","Barack Obama",2010-01-27
"398",111552089,"Speeches","Barack Obama",2010-01-27
"399",111552090,"Speeches","Barack Obama",2010-01-27
"400",111552091,"Speeches","Barack Obama",2010-01-27
"401",111552092,"Speeches","Barack Obama",2010-01-27
"402",111552093,"Speeches","Barack Obama",2010-01-27
"403",111552094,"Speeches","Barack Obama",2010-01-27
"404",111552095,"Speeches","Barack Obama",2010-01-27
"405",111552096,"Speeches","Barack Obama",2010-01-27
"406",111552097,"Speeches","Barack Obama",2010-01-27
"407",111552098,"Speeches","Barack Obama",2010-01-27
"408",111552099,"Speeches","Barack Obama",2010-01-27
"409",111552100,"Speeches","Barack Obama",2010-01-27
"410",111552101,"Speeches","Barack Obama",2010-01-27
"411",111552102,"Speeches","Barack Obama",2010-01-27
"412",111552103,"Speeches","Barack Obama",2010-01-27
"413",111552104,"Speeches","Barack Obama",2010-01-27
"414",111552105,"Speeches","Barack Obama",2010-01-27
"415",111552106,"Speeches","Barack Obama",2010-01-27
"416",111552107,"Speeches","Barack Obama",2010-01-27
"417",111552108,"Speeches","Barack Obama",2010-01-27
"418",111552109,"Speeches","Barack Obama",2010-01-27
"419",111552110,"Speeches","Barack Obama",2010-01-27
"420",111552111,"Speeches","Barack Obama",2010-01-27
"421",111552112,"Speeches","Barack Obama",2010-01-27
"422",111552113,"Speeches","Barack Obama",2010-01-27
"423",111552114,"Speeches","Barack Obama",2010-01-27
"424",111552115,"Speeches","Barack Obama",2010-01-27
"425",111552116,"Speeches","Barack Obama",2010-01-27
"426",111552117,"Speeches","Barack Obama",2010-01-27
"427",111552118,"Speeches","Barack Obama",2010-01-27
"428",111552119,"Speeches","Barack Obama",2010-01-27
"429",111552120,"Speeches","Barack Obama",2010-01-27
"430",111552121,"Speeches","Barack Obama",2010-01-27
"431",111552122,"Speeches","Barack Obama",2010-01-27
"432",111552123,"Speeches","Barack Obama",2010-01-27
"433",111552124,"Speeches","Barack Obama",2010-01-27
"434",111552125,"Speeches","Barack Obama",2010-01-27
"435",111552126,"Speeches","Barack Obama",2010-01-27
"436",111552127,"Speeches","Barack Obama",2010-01-27
"437",111552128,"Speeches","Barack Obama",2010-01-27
"438",111552129,"Speeches","Barack Obama",2010-01-27
"439",111552130,"Speeches","Barack Obama",2010-01-27
"440",111552131,"Speeches","Barack Obama",2010-01-27
"441",111552132,"Speeches","Barack Obama",2010-01-27
"442",111552133,"Speeches","Barack Obama",2011-01-25
"443",111552134,"Speeches","Barack Obama",2011-01-25
"444",111552135,"Speeches","Barack Obama",2011-01-25
"445",111552136,"Speeches","Barack Obama",2011-01-25
"446",111552137,"Speeches","Barack Obama",2011-01-25
"447",111552138,"Speeches","Barack Obama",2011-01-25
"448",111552139,"Speeches","Barack Obama",2011-01-25
"449",111552140,"Speeches","Barack Obama",2011-01-25
"450",111552141,"Speeches","Barack Obama",2011-01-25
"451",111552142,"Speeches","Barack Obama",2011-01-25
"452",111552143,"Speeches","Barack Obama",2011-01-25
"453",111552144,"Speeches","Barack Obama",2011-01-25
"454",111552145,"Speeches","Barack Obama",2011-01-25
"455",111552146,"Speeches","Barack Obama",2011-01-25
"456",111552147,"Speeches","Barack Obama",2011-01-25
"457",111552148,"Speeches","Barack Obama",2011-01-25
"458",111552149,"Speeches","Barack Obama",2011-01-25
"459",111552150,"Speeches","Barack Obama",2011-01-25
"460",111552151,"Speeches","Barack Obama",2011-01-25
"461",111552152,"Speeches","Barack Obama",2011-01-25
"462",111552153,"Speeches","Barack Obama",2011-01-25
"463",111552154,"Speeches","Barack Obama",2011-01-25
"464",111552155,"Speeches","Barack Obama",2011-01-25
"465",111552156,"Speeches","Barack Obama",2011-01-25
"466",111552157,"Speeches","Barack Obama",2011-01-25
"467",111552158,"Speeches","Barack Obama",2011-01-25
"468",111552159,"Speeches","Barack Obama",2011-01-25
"469",111552160,"Speeches","Barack Obama",2011-01-25
"470",111552161,"Speeches","Barack Obama",2011-01-25
"471",111552162,"Speeches","Barack Obama",2011-01-25
"472",111552163,"Speeches","Barack Obama",2011-01-25
"473",111552164,"Speeches","Barack Obama",2011-01-25
"474",111552165,"Speeches","Barack Obama",2011-01-25
"475",111552166,"Speeches","Barack Obama",2011-01-25
"476",111552167,"Speeches","Barack Obama",2011-01-25
"477",111552168,"Speeches","Barack Obama",2011-01-25
"478",111552169,"Speeches","Barack Obama",2011-01-25
"479",111552170,"Speeches","Barack Obama",2011-01-25
"480",111552171,"Speeches","Barack Obama",2011-01-25
"481",111552172,"Speeches","Barack Obama",2011-01-25
"482",111552173,"Speeches","Barack Obama",2011-01-25
"483",111552174,"Speeches","Barack Obama",2011-01-25
"484",111552175,"Speeches","Barack Obama",2011-01-25
"485",111552176,"Speeches","Barack Obama",2011-01-25
"486",111552177,"Speeches","Barack Obama",2011-01-25
"487",111552178,"Speeches","Barack Obama",2011-01-25
"488",111552179,"Speeches","Barack Obama",2011-01-25
"489",111552180,"Speeches","Barack Obama",2011-01-25
"490",111552181,"Speeches","Barack Obama",2011-01-25
"491",111552182,"Speeches","Barack Obama",2011-01-25
"492",111552183,"Speeches","Barack Obama",2011-01-25
"493",111552184,"Speeches","Barack Obama",2011-01-25
"494",111552185,"Speeches","Barack Obama",2011-01-25
"495",111552186,"Speeches","Barack Obama",2011-01-25
"496",111552187,"Speeches","Barack Obama",2011-01-25
"497",111552188,"Speeches","Barack Obama",2011-01-25
"498",111552189,"Speeches","Barack Obama",2011-01-25
"499",111552190,"Speeches","Barack Obama",2011-01-25
"500",111552191,"Speeches","Barack Obama",2011-01-25
"501",111552192,"Speeches","Barack Obama",2011-01-25
"502",111552193,"Speeches","Barack Obama",2011-01-25
"503",111552194,"Speeches","Barack Obama",2011-01-25
"504",111552195,"Speeches","Barack Obama",2011-01-25
"505",111552196,"Speeches","Barack Obama",2011-01-25
"506",111552197,"Speeches","Barack Obama",2011-01-25
"507",111552198,"Speeches","Barack Obama",2011-01-25
"508",111552199,"Speeches","Barack Obama",2011-01-25
"509",111552200,"Speeches","Barack Obama",2011-01-25
"510",111552201,"Speeches","Barack Obama",2011-01-25
"511",111552202,"Speeches","Barack Obama",2011-01-25
"512",111552203,"Speeches","Barack Obama",2011-01-25
"513",111552204,"Speeches","Barack Obama",2011-01-25
"514",111552205,"Speeches","Barack Obama",2011-01-25
"515",111552206,"Speeches","Barack Obama",2011-01-25
"516",111552207,"Speeches","Barack Obama",2011-01-25
"517",111552208,"Speeches","Barack Obama",2011-01-25
"518",111552209,"Speeches","Barack Obama",2011-01-25
"519",111552210,"Speeches","Barack Obama",2011-01-25
"520",111552211,"Speeches","Barack Obama",2011-01-25
"521",111552212,"Speeches","Barack Obama",2011-01-25
"522",111552213,"Speeches","Barack Obama",2011-01-25
"523",111552214,"Speeches","Barack Obama",2011-01-25
"524",111552215,"Speeches","Barack Obama",2011-01-25
"525",111552216,"Speeches","Barack Obama",2011-01-25
"526",111552217,"Speeches","Barack Obama",2011-01-25
"527",111552218,"Speeches","Barack Obama",2011-01-25
"528",111552219,"Speeches","Barack Obama",2011-01-25
"529",111552220,"Speeches","Barack Obama",2011-01-25
"530",111552221,"Speeches","Barack Obama",2011-01-25
"531",111552222,"Speeches","Barack Obama",2011-01-25
"532",111552223,"Speeches","Barack Obama",2011-01-25
"533",111552224,"Speeches","Barack Obama",2011-01-25
"534",111552225,"Speeches","Barack Obama",2011-01-25
"535",111552226,"Speeches","Barack Obama",2011-01-25
"536",111552227,"Speeches","Barack Obama",2011-01-25
"537",111552228,"Speeches","Barack Obama",2011-01-25
"538",111552229,"Speeches","Barack Obama",2011-01-25
"539",111552230,"Speeches","Barack Obama",2011-01-25
"540",111552231,"Speeches","Barack Obama",2011-01-25
"541",111552232,"Speeches","Barack Obama",2011-01-25
"542",111552233,"Speeches","Barack Obama",2012-01-24
"543",111552234,"Speeches","Barack Obama",2012-01-24
"544",111552235,"Speeches","Barack Obama",2012-01-24
"545",111552236,"Speeches","Barack Obama",2012-01-24
"546",111552237,"Speeches","Barack Obama",2012-01-24
"547",111552238,"Speeches","Barack Obama",2012-01-24
"548",111552239,"Speeches","Barack Obama",2012-01-24
"549",111552240,"Speeches","Barack Obama",2012-01-24
"550",111552241,"Speeches","Barack Obama",2012-01-24
"551",111552242,"Speeches","Barack Obama",2012-01-24
"552",111552243,"Speeches","Barack Obama",2012-01-24
"553",111552244,"Speeches","Barack Obama",2012-01-24
"554",111552245,"Speeches","Barack Obama",2012-01-24
"555",111552246,"Speeches","Barack Obama",2012-01-24
"556",111552247,"Speeches","Barack Obama",2012-01-24
"557",111552248,"Speeches","Barack Obama",2012-01-24
"558",111552249,"Speeches","Barack Obama",2012-01-24
"559",111552250,"Speeches","Barack Obama",2012-01-24
"560",111552251,"Speeches","Barack Obama",2012-01-24
"561",111552252,"Speeches","Barack Obama",2012-01-24
"562",111552253,"Speeches","Barack Obama",2012-01-24
"563",111552254,"Speeches","Barack Obama",2012-01-24
"564",111552255,"Speeches","Barack Obama",2012-01-24
"565",111552256,"Speeches","Barack Obama",2012-01-24
"566",111552257,"Speeches","Barack Obama",2012-01-24
"567",111552258,"Speeches","Barack Obama",2012-01-24
"568",111552259,"Speeches","Barack Obama",2012-01-24
"569",111552260,"Speeches","Barack Obama",2012-01-24
"570",111552261,"Speeches","Barack Obama",2012-01-24
"571",111552262,"Speeches","Barack Obama",2012-01-24
"572",111552263,"Speeches","Barack Obama",2012-01-24
"573",111552264,"Speeches","Barack Obama",2012-01-24
"574",111552265,"Speeches","Barack Obama",2012-01-24
"575",111552266,"Speeches","Barack Obama",2012-01-24
"576",111552267,"Speeches","Barack Obama",2012-01-24
"577",111552268,"Speeches","Barack Obama",2012-01-24
"578",111552269,"Speeches","Barack Obama",2012-01-24
"579",111552270,"Speeches","Barack Obama",2012-01-24
"580",111552271,"Speeches","Barack Obama",2012-01-24
"581",111552272,"Speeches","Barack Obama",2012-01-24
"582",111552273,"Speeches","Barack Obama",2012-01-24
"583",111552274,"Speeches","Barack Obama",2012-01-24
"584",111552275,"Speeches","Barack Obama",2012-01-24
"585",111552276,"Speeches","Barack Obama",2012-01-24
"586",111552277,"Speeches","Barack Obama",2012-01-24
"587",111552278,"Speeches","Barack Obama",2012-01-24
"588",111552279,"Speeches","Barack Obama",2012-01-24
"589",111552280,"Speeches","Barack Obama",2012-01-24
"590",111552281,"Speeches","Barack Obama",2012-01-24
"591",111552282,"Speeches","Barack Obama",2012-01-24
"592",111552283,"Speeches","Barack Obama",2012-01-24
"593",111552284,"Speeches","Barack Obama",2012-01-24
"594",111552285,"Speeches","Barack Obama",2012-01-24
"595",111552286,"Speeches","Barack Obama",2012-01-24
"596",111552287,"Speeches","Barack Obama",2012-01-24
"597",111552288,"Speeches","Barack Obama",2012-01-24
"598",111552289,"Speeches","Barack Obama",2012-01-24
"599",111552290,"Speeches","Barack Obama",2012-01-24
"600",111552291,"Speeches","Barack Obama",2012-01-24
"601",111552292,"Speeches","Barack Obama",2012-01-24
"602",111552293,"Speeches","Barack Obama",2012-01-24
"603",111552294,"Speeches","Barack Obama",2012-01-24
"604",111552295,"Speeches","Barack Obama",2012-01-24
"605",111552296,"Speeches","Barack Obama",2012-01-24
"606",111552297,"Speeches","Barack Obama",2012-01-24
"607",111552298,"Speeches","Barack Obama",2012-01-24
"608",111552299,"Speeches","Barack Obama",2012-01-24
"609",111552300,"Speeches","Barack Obama",2012-01-24
"610",111552301,"Speeches","Barack Obama",2012-01-24
"611",111552302,"Speeches","Barack Obama",2012-01-24
"612",111552303,"Speeches","Barack Obama",2012-01-24
"613",111552304,"Speeches","Barack Obama",2012-01-24
"614",111552305,"Speeches","Barack Obama",2012-01-24
"615",111552306,"Speeches","Barack Obama",2012-01-24
"616",111552307,"Speeches","Barack Obama",2012-01-24
"617",111552308,"Speeches","Barack Obama",2012-01-24
"618",111552309,"Speeches","Barack Obama",2012-01-24
"619",111552310,"Speeches","Barack Obama",2012-01-24
"620",111552311,"Speeches","Barack Obama",2012-01-24
"621",111552312,"Speeches","Barack Obama",2012-01-24
"622",111552313,"Speeches","Barack Obama",2012-01-24
"623",111552314,"Speeches","Barack Obama",2012-01-24
"624",111552315,"Speeches","Barack Obama",2012-01-24
"625",111552316,"Speeches","Barack Obama",2012-01-24
"626",111552317,"Speeches","Barack Obama",2012-01-24
"627",111552318,"Speeches","Barack Obama",2012-01-24
"628",111552319,"Speeches","Barack Obama",2012-01-24
"629",111552320,"Speeches","Barack Obama",2012-01-24
"630",111552321,"Speeches","Barack Obama",2012-01-24
"631",111552322,"Speeches","Barack Obama",2012-01-24
"632",111552323,"Speeches","Barack Obama",2012-01-24
"633",111552324,"Speeches","Barack Obama",2012-01-24
"634",111552325,"Speeches","Barack Obama",2012-01-24
"635",111552326,"Speeches","George W. Bush",2005-02-02
"636",111552327,"Speeches","George W. Bush",2005-02-02
"637",111552328,"Speeches","George W. Bush",2005-02-02
"638",111552329,"Speeches","George W. Bush",2005-02-02
"639",111552330,"Speeches","George W. Bush",2005-02-02
"640",111552331,"Speeches","George W. Bush",2005-02-02
"641",111552332,"Speeches","George W. Bush",2005-02-02
"642",111552333,"Speeches","George W. Bush",2005-02-02
"643",111552334,"Speeches","George W. Bush",2005-02-02
"644",111552335,"Speeches","George W. Bush",2005-02-02
"645",111552336,"Speeches","George W. Bush",2005-02-02
"646",111552337,"Speeches","George W. Bush",2005-02-02
"647",111552338,"Speeches","George W. Bush",2005-02-02
"648",111552339,"Speeches","George W. Bush",2005-02-02
"649",111552340,"Speeches","George W. Bush",2005-02-02
"650",111552341,"Speeches","George W. Bush",2005-02-02
"651",111552342,"Speeches","George W. Bush",2005-02-02
"652",111552343,"Speeches","George W. Bush",2005-02-02
"653",111552344,"Speeches","George W. Bush",2005-02-02
"654",111552345,"Speeches","George W. Bush",2005-02-02
"655",111552346,"Speeches","George W. Bush",2005-02-02
"656",111552347,"Speeches","George W. Bush",2005-02-02
"657",111552348,"Speeches","George W. Bush",2005-02-02
"658",111552349,"Speeches","George W. Bush",2005-02-02
"659",111552350,"Speeches","George W. Bush",2005-02-02
"660",111552351,"Speeches","George W. Bush",2005-02-02
"661",111552352,"Speeches","George W. Bush",2005-02-02
"662",111552353,"Speeches","George W. Bush",2005-02-02
"663",111552354,"Speeches","George W. Bush",2005-02-02
"664",111552355,"Speeches","George W. Bush",2005-02-02
"665",111552356,"Speeches","George W. Bush",2005-02-02
"666",111552357,"Speeches","George W. Bush",2005-02-02
"667",111552358,"Speeches","George W. Bush",2005-02-02
"668",111552359,"Speeches","George W. Bush",2005-02-02
"669",111552360,"Speeches","George W. Bush",2005-02-02
"670",111552361,"Speeches","George W. Bush",2005-02-02
"671",111552362,"Speeches","George W. Bush",2005-02-02
"672",111552363,"Speeches","George W. Bush",2005-02-02
"673",111552364,"Speeches","George W. Bush",2005-02-02
"674",111552365,"Speeches","George W. Bush",2005-02-02
"675",111552366,"Speeches","George W. Bush",2005-02-02
"676",111552367,"Speeches","George W. Bush",2005-02-02
"677",111552368,"Speeches","George W. Bush",2005-02-02
"678",111552369,"Speeches","George W. Bush",2005-02-02
"679",111552370,"Speeches","George W. Bush",2005-02-02
"680",111552371,"Speeches","George W. Bush",2005-02-02
"681",111552372,"Speeches","George W. Bush",2005-02-02
"682",111552373,"Speeches","George W. Bush",2005-02-02
"683",111552374,"Speeches","George W. Bush",2006-01-31
"684",111552375,"Speeches","George W. Bush",2006-01-31
"685",111552376,"Speeches","George W. Bush",2006-01-31
"686",111552377,"Speeches","George W. Bush",2006-01-31
"687",111552378,"Speeches","George W. Bush",2006-01-31
"688",111552379,"Speeches","George W. Bush",2006-01-31
"689",111552380,"Speeches","George W. Bush",2006-01-31
"690",111552381,"Speeches","George W. Bush",2006-01-31
"691",111552382,"Speeches","George W. Bush",2006-01-31
"692",111552383,"Speeches","George W. Bush",2006-01-31
"693",111552384,"Speeches","George W. Bush",2006-01-31
"694",111552385,"Speeches","George W. Bush",2006-01-31
"695",111552386,"Speeches","George W. Bush",2006-01-31
"696",111552387,"Speeches","George W. Bush",2006-01-31
"697",111552388,"Speeches","George W. Bush",2006-01-31
"698",111552389,"Speeches","George W. Bush",2006-01-31
"699",111552390,"Speeches","George W. Bush",2006-01-31
"700",111552391,"Speeches","George W. Bush",2006-01-31
"701",111552392,"Speeches","George W. Bush",2006-01-31
"702",111552393,"Speeches","George W. Bush",2006-01-31
"703",111552394,"Speeches","George W. Bush",2006-01-31
"704",111552395,"Speeches","George W. Bush",2006-01-31
"705",111552396,"Speeches","George W. Bush",2006-01-31
"706",111552397,"Speeches","George W. Bush",2006-01-31
"707",111552398,"Speeches","George W. Bush",2006-01-31
"708",111552399,"Speeches","George W. Bush",2006-01-31
"709",111552400,"Speeches","George W. Bush",2006-01-31
"710",111552401,"Speeches","George W. Bush",2006-01-31
"711",111552402,"Speeches","George W. Bush",2006-01-31
"712",111552403,"Speeches","George W. Bush",2006-01-31
"713",111552404,"Speeches","George W. Bush",2006-01-31
"714",111552405,"Speeches","George W. Bush",2006-01-31
"715",111552406,"Speeches","George W. Bush",2006-01-31
"716",111552407,"Speeches","George W. Bush",2006-01-31
"717",111552408,"Speeches","George W. Bush",2006-01-31
"718",111552409,"Speeches","George W. Bush",2006-01-31
"719",111552410,"Speeches","George W. Bush",2006-01-31
"720",111552411,"Speeches","George W. Bush",2006-01-31
"721",111552412,"Speeches","George W. Bush",2006-01-31
"722",111552413,"Speeches","George W. Bush",2006-01-31
"723",111552414,"Speeches","George W. Bush",2006-01-31
"724",111552415,"Speeches","George W. Bush",2006-01-31
"725",111552416,"Speeches","George W. Bush",2006-01-31
"726",111552417,"Speeches","George W. Bush",2006-01-31
"727",111552418,"Speeches","George W. Bush",2006-01-31
"728",111552419,"Speeches","George W. Bush",2006-01-31
"729",111552420,"Speeches","George W. Bush",2006-01-31
"730",111552421,"Speeches","George W. Bush",2006-01-31
"731",111552422,"Speeches","George W. Bush",2006-01-31
"732",111552423,"Speeches","George W. Bush",2006-01-31
"733",111552424,"Speeches","George W. Bush",2006-01-31
"734",111552425,"Speeches","George W. Bush",2006-01-31
"735",111552426,"Speeches","George W. Bush",2006-01-31
"736",111552427,"Speeches","George W. Bush",2006-01-31
"737",111552428,"Speeches","George W. Bush",2006-01-31
"738",111552429,"Speeches","George W. Bush",2006-01-31
"739",111552430,"Speeches","George W. Bush",2006-01-31
"740",111552431,"Speeches","George W. Bush",2006-01-31
"741",111552432,"Speeches","George W. Bush",2006-01-31
"742",111552433,"Speeches","George W. Bush",2007-01-23
"743",111552434,"Speeches","George W. Bush",2007-01-23
"744",111552435,"Speeches","George W. Bush",2007-01-23
"745",111552436,"Speeches","George W. Bush",2007-01-23
"746",111552437,"Speeches","George W. Bush",2007-01-23
"747",111552438,"Speeches","George W. Bush",2007-01-23
"748",111552439,"Speeches","George W. Bush",2007-01-23
"749",111552440,"Speeches","George W. Bush",2007-01-23
"750",111552441,"Speeches","George W. Bush",2007-01-23
"751",111552442,"Speeches","George W. Bush",2007-01-23
"752",111552443,"Speeches","George W. Bush",2007-01-23
"753",111552444,"Speeches","George W. Bush",2007-01-23
"754",111552445,"Speeches","George W. Bush",2007-01-23
"755",111552446,"Speeches","George W. Bush",2007-01-23
"756",111552447,"Speeches","George W. Bush",2007-01-23
"757",111552448,"Speeches","George W. Bush",2007-01-23
"758",111552449,"Speeches","George W. Bush",2007-01-23
"759",111552450,"Speeches","George W. Bush",2007-01-23
"760",111552451,"Speeches","George W. Bush",2007-01-23
"761",111552452,"Speeches","George W. Bush",2007-01-23
"762",111552453,"Speeches","George W. Bush",2007-01-23
"763",111552454,"Speeches","George W. Bush",2007-01-23
"764",111552455,"Speeches","George W. Bush",2007-01-23
"765",111552456,"Speeches","George W. Bush",2007-01-23
"766",111552457,"Speeches","George W. Bush",2007-01-23
"767",111552458,"Speeches","George W. Bush",2007-01-23
"768",111552459,"Speeches","George W. Bush",2007-01-23
"769",111552460,"Speeches","George W. Bush",2007-01-23
"770",111552461,"Speeches","George W. Bush",2007-01-23
"771",111552462,"Speeches","George W. Bush",2007-01-23
"772",111552463,"Speeches","George W. Bush",2007-01-23
"773",111552464,"Speeches","George W. Bush",2007-01-23
"774",111552465,"Speeches","George W. Bush",2007-01-23
"775",111552466,"Speeches","George W. Bush",2007-01-23
"776",111552467,"Speeches","George W. Bush",2007-01-23
"777",111552468,"Speeches","George W. Bush",2007-01-23
"778",111552469,"Speeches","George W. Bush",2007-01-23
"779",111552470,"Speeches","George W. Bush",2007-01-23
"780",111552471,"Speeches","George W. Bush",2007-01-23
"781",111552472,"Speeches","George W. Bush",2007-01-23
"782",111552473,"Speeches","George W. Bush",2007-01-23
"783",111552474,"Speeches","George W. Bush",2007-01-23
"784",111552475,"Speeches","George W. Bush",2007-01-23
"785",111552476,"Speeches","George W. Bush",2007-01-23
"786",111552477,"Speeches","George W. Bush",2007-01-23
"787",111552478,"Speeches","George W. Bush",2007-01-23
"788",111552479,"Speeches","George W. Bush",2007-01-23
"789",111552480,"Speeches","George W. Bush",2007-01-23
"790",111552481,"Speeches","George W. Bush",2007-01-23
"791",111552482,"Speeches","George W. Bush",2007-01-23
"792",111552483,"Speeches","George W. Bush",2007-01-23
"793",111552484,"Speeches","George W. Bush",2008-01-28
"794",111552485,"Speeches","George W. Bush",2008-01-28
"795",111552486,"Speeches","George W. Bush",2008-01-28
"796",111552487,"Speeches","George W. Bush",2008-01-28
"797",111552488,"Speeches","George W. Bush",2008-01-28
"798",111552489,"Speeches","George W. Bush",2008-01-28
"799",111552490,"Speeches","George W. Bush",2008-01-28
"800",111552491,"Speeches","George W. Bush",2008-01-28
"801",111552492,"Speeches","George W. Bush",2008-01-28
"802",111552493,"Speeches","George W. Bush",2008-01-28
"803",111552494,"Speeches","George W. Bush",2008-01-28
"804",111552495,"Speeches","George W. Bush",2008-01-28
"805",111552496,"Speeches","George W. Bush",2008-01-28
"806",111552497,"Speeches","George W. Bush",2008-01-28
"807",111552498,"Speeches","George W. Bush",2008-01-28
"808",111552499,"Speeches","George W. Bush",2008-01-28
"809",111552500,"Speeches","George W. Bush",2008-01-28
"810",111552501,"Speeches","George W. Bush",2008-01-28
"811",111552502,"Speeches","George W. Bush",2008-01-28
"812",111552503,"Speeches","George W. Bush",2008-01-28
"813",111552504,"Speeches","George W. Bush",2008-01-28
"814",111552505,"Speeches","George W. Bush",2008-01-28
"815",111552506,"Speeches","George W. Bush",2008-01-28
"816",111552507,"Speeches","George W. Bush",2008-01-28
"817",111552508,"Speeches","George W. Bush",2008-01-28
"818",111552509,"Speeches","George W. Bush",2008-01-28
"819",111552510,"Speeches","George W. Bush",2008-01-28
"820",111552511,"Speeches","George W. Bush",2008-01-28
"821",111552512,"Speeches","George W. Bush",2008-01-28
"822",111552513,"Speeches","George W. Bush",2008-01-28
"823",111552514,"Speeches","George W. Bush",2008-01-28
"824",111552515,"Speeches","George W. Bush",2008-01-28
"825",111552516,"Speeches","George W. Bush",2008-01-28
"826",111552517,"Speeches","George W. Bush",2008-01-28
"827",111552518,"Speeches","George W. Bush",2008-01-28
"828",111552519,"Speeches","George W. Bush",2008-01-28
"829",111552520,"Speeches","George W. Bush",2008-01-28
"830",111552521,"Speeches","George W. Bush",2008-01-28
"831",111552522,"Speeches","George W. Bush",2008-01-28
"832",111552523,"Speeches","George W. Bush",2008-01-28
"833",111552524,"Speeches","George W. Bush",2008-01-28
"834",111552525,"Speeches","George W. Bush",2008-01-28
"835",111552526,"Speeches","George W. Bush",2008-01-28
"836",111552527,"Speeches","George W. Bush",2008-01-28
"837",111552528,"Speeches","George W. Bush",2008-01-28
"838",111552529,"Speeches","George W. Bush",2008-01-28
"839",111552530,"Speeches","George W. Bush",2008-01-28
"840",111552531,"Speeches","George W. Bush",2008-01-28
"841",111552532,"Speeches","George W. Bush",2008-01-28
"842",111552533,"Speeches","George W. Bush",2008-01-28
"843",111552534,"Speeches","George W. Bush",2008-01-28
"844",111552535,"Speeches","George W. Bush",2008-01-28
"845",111552536,"Speeches","George W. Bush",2008-01-28
"846",111552537,"Speeches","George W. Bush",2008-01-28
"847",111552538,"Speeches","George W. Bush",2008-01-28
"848",111552539,"Speeches","George W. Bush",2008-01-28
"849",111552540,"Speeches","George W. Bush",2008-01-28
"850",111552541,"Speeches","George W. Bush",2008-01-28
"851",111552542,"Speeches","George W. Bush",2008-01-28
"852",111552543,"Speeches","George W. Bush",2001-02-27
"853",111552544,"Speeches","George W. Bush",2001-02-27
"854",111552545,"Speeches","George W. Bush",2001-02-27
"855",111552546,"Speeches","George W. Bush",2001-02-27
"856",111552547,"Speeches","George W. Bush",2001-02-27
"857",111552548,"Speeches","George W. Bush",2001-02-27
"858",111552549,"Speeches","George W. Bush",2001-02-27
"859",111552550,"Speeches","George W. Bush",2001-02-27
"860",111552551,"Speeches","George W. Bush",2001-02-27
"861",111552552,"Speeches","George W. Bush",2001-02-27
"862",111552553,"Speeches","George W. Bush",2001-02-27
"863",111552554,"Speeches","George W. Bush",2001-02-27
"864",111552555,"Speeches","George W. Bush",2001-02-27
"865",111552556,"Speeches","George W. Bush",2001-02-27
"866",111552557,"Speeches","George W. Bush",2001-02-27
"867",111552558,"Speeches","George W. Bush",2001-02-27
"868",111552559,"Speeches","George W. Bush",2001-02-27
"869",111552560,"Speeches","George W. Bush",2001-02-27
"870",111552561,"Speeches","George W. Bush",2001-02-27
"871",111552562,"Speeches","George W. Bush",2001-02-27
"872",111552563,"Speeches","George W. Bush",2001-02-27
"873",111552564,"Speeches","George W. Bush",2001-02-27
"874",111552565,"Speeches","George W. Bush",2001-02-27
"875",111552566,"Speeches","George W. Bush",2001-02-27
"876",111552567,"Speeches","George W. Bush",2001-02-27
"877",111552568,"Speeches","George W. Bush",2001-02-27
"878",111552569,"Speeches","George W. Bush",2001-02-27
"879",111552570,"Speeches","George W. Bush",2001-02-27
"880",111552571,"Speeches","George W. Bush",2001-02-27
"881",111552572,"Speeches","George W. Bush",2001-02-27
"882",111552573,"Speeches","George W. Bush",2001-02-27
"883",111552574,"Speeches","George W. Bush",2001-02-27
"884",111552575,"Speeches","George W. Bush",2001-02-27
"885",111552576,"Speeches","George W. Bush",2001-02-27
"886",111552577,"Speeches","George W. Bush",2001-02-27
"887",111552578,"Speeches","George W. Bush",2001-02-27
"888",111552579,"Speeches","George W. Bush",2001-02-27
"889",111552580,"Speeches","George W. Bush",2001-02-27
"890",111552581,"Speeches","George W. Bush",2001-02-27
"891",111552582,"Speeches","George W. Bush",2001-02-27
"892",111552583,"Speeches","George W. Bush",2001-02-27
"893",111552584,"Speeches","George W. Bush",2001-02-27
"894",111552585,"Speeches","George W. Bush",2001-02-27
"895",111552586,"Speeches","George W. Bush",2001-02-27
"896",111552587,"Speeches","George W. Bush",2001-02-27
"897",111552588,"Speeches","George W. Bush",2001-02-27
"898",111552589,"Speeches","George W. Bush",2001-02-27
"899",111552590,"Speeches","George W. Bush",2001-02-27
"900",111552591,"Speeches","George W. Bush",2001-02-27
"901",111552592,"Speeches","George W. Bush",2001-02-27
"902",111552593,"Speeches","George W. Bush",2001-02-27
"903",111552594,"Speeches","George W. Bush",2001-02-27
"904",111552595,"Speeches","George W. Bush",2001-02-27
"905",111552596,"Speeches","George W. Bush",2001-02-27
"906",111552597,"Speeches","George W. Bush",2001-02-27
"907",111552598,"Speeches","George W. Bush",2001-02-27
"908",111552599,"Speeches","George W. Bush",2001-02-27
"909",111552600,"Speeches","George W. Bush",2001-02-27
"910",111552601,"Speeches","George W. Bush",2001-02-27
"911",111552602,"Speeches","George W. Bush",2002-01-29
"912",111552603,"Speeches","George W. Bush",2002-01-29
"913",111552604,"Speeches","George W. Bush",2002-01-29
"914",111552605,"Speeches","George W. Bush",2002-01-29
"915",111552606,"Speeches","George W. Bush",2002-01-29
"916",111552607,"Speeches","George W. Bush",2002-01-29
"917",111552608,"Speeches","George W. Bush",2002-01-29
"918",111552609,"Speeches","George W. Bush",2002-01-29
"919",111552610,"Speeches","George W. Bush",2002-01-29
"920",111552611,"Speeches","George W. Bush",2002-01-29
"921",111552612,"Speeches","George W. Bush",2002-01-29
"922",111552613,"Speeches","George W. Bush",2002-01-29
"923",111552614,"Speeches","George W. Bush",2002-01-29
"924",111552615,"Speeches","George W. Bush",2002-01-29
"925",111552616,"Speeches","George W. Bush",2002-01-29
"926",111552617,"Speeches","George W. Bush",2002-01-29
"927",111552618,"Speeches","George W. Bush",2002-01-29
"928",111552619,"Speeches","George W. Bush",2002-01-29
"929",111552620,"Speeches","George W. Bush",2002-01-29
"930",111552621,"Speeches","George W. Bush",2002-01-29
"931",111552622,"Speeches","George W. Bush",2002-01-29
"932",111552623,"Speeches","George W. Bush",2002-01-29
"933",111552624,"Speeches","George W. Bush",2002-01-29
"934",111552625,"Speeches","George W. Bush",2002-01-29
"935",111552626,"Speeches","George W. Bush",2002-01-29
"936",111552627,"Speeches","George W. Bush",2002-01-29
"937",111552628,"Speeches","George W. Bush",2002-01-29
"938",111552629,"Speeches","George W. Bush",2002-01-29
"939",111552630,"Speeches","George W. Bush",2002-01-29
"940",111552631,"Speeches","George W. Bush",2002-01-29
"941",111552632,"Speeches","George W. Bush",2002-01-29
"942",111552633,"Speeches","George W. Bush",2002-01-29
"943",111552634,"Speeches","George W. Bush",2002-01-29
"944",111552635,"Speeches","George W. Bush",2002-01-29
"945",111552636,"Speeches","George W. Bush",2002-01-29
"946",111552637,"Speeches","George W. Bush",2002-01-29
"947",111552638,"Speeches","George W. Bush",2002-01-29
"948",111552639,"Speeches","George W. Bush",2002-01-29
"949",111552640,"Speeches","George W. Bush",2002-01-29
"950",111552641,"Speeches","George W. Bush",2002-01-29
"951",111552642,"Speeches","George W. Bush",2002-01-29
"952",111552643,"Speeches","George W. Bush",2002-01-29
"953",111552644,"Speeches","George W. Bush",2002-01-29
"954",111552645,"Speeches","George W. Bush",2002-01-29
"955",111552646,"Speeches","George W. Bush",2002-01-29
"956",111552647,"Speeches","George W. Bush",2002-01-29
"957",111552648,"Speeches","George W. Bush",2002-01-29
"958",111552649,"Speeches","George W. Bush",2002-01-29
"959",111552650,"Speeches","George W. Bush",2002-01-29
"960",111552651,"Speeches","George W. Bush",2002-01-29
"961",111552652,"Speeches","George W. Bush",2002-01-29
"962",111552653,"Speeches","George W. Bush",2002-01-29
"963",111552654,"Speeches","George W. Bush",2002-01-29
"964",111552655,"Speeches","George W. Bush",2003-01-28
"965",111552656,"Speeches","George W. Bush",2003-01-28
"966",111552657,"Speeches","George W. Bush",2003-01-28
"967",111552658,"Speeches","George W. Bush",2003-01-28
"968",111552659,"Speeches","George W. Bush",2003-01-28
"969",111552660,"Speeches","George W. Bush",2003-01-28
"970",111552661,"Speeches","George W. Bush",2003-01-28
"971",111552662,"Speeches","George W. Bush",2003-01-28
"972",111552663,"Speeches","George W. Bush",2003-01-28
"973",111552664,"Speeches","George W. Bush",2003-01-28
"974",111552665,"Speeches","George W. Bush",2003-01-28
"975",111552666,"Speeches","George W. Bush",2003-01-28
"976",111552667,"Speeches","George W. Bush",2003-01-28
"977",111552668,"Speeches","George W. Bush",2003-01-28
"978",111552669,"Speeches","George W. Bush",2003-01-28
"979",111552670,"Speeches","George W. Bush",2003-01-28
"980",111552671,"Speeches","George W. Bush",2003-01-28
"981",111552672,"Speeches","George W. Bush",2003-01-28
"982",111552673,"Speeches","George W. Bush",2003-01-28
"983",111552674,"Speeches","George W. Bush",2003-01-28
"984",111552675,"Speeches","George W. Bush",2003-01-28
"985",111552676,"Speeches","George W. Bush",2003-01-28
"986",111552677,"Speeches","George W. Bush",2003-01-28
"987",111552678,"Speeches","George W. Bush",2003-01-28
"988",111552679,"Speeches","George W. Bush",2003-01-28
"989",111552680,"Speeches","George W. Bush",2003-01-28
"990",111552681,"Speeches","George W. Bush",2003-01-28
"991",111552682,"Speeches","George W. Bush",2003-01-28
"992",111552683,"Speeches","George W. Bush",2003-01-28
"993",111552684,"Speeches","George W. Bush",2003-01-28
"994",111552685,"Speeches","George W. Bush",2003-01-28
"995",111552686,"Speeches","George W. Bush",2003-01-28
"996",111552687,"Speeches","George W. Bush",2003-01-28
"997",111552688,"Speeches","George W. Bush",2003-01-28
"998",111552689,"Speeches","George W. Bush",2003-01-28
"999",111552690,"Speeches","George W. Bush",2003-01-28
"1000",111552691,"Speeches","George W. Bush",2003-01-28
"1001",111552692,"Speeches","George W. Bush",2003-01-28
"1002",111552693,"Speeches","George W. Bush",2003-01-28
"1003",111552694,"Speeches","George W. Bush",2003-01-28
"1004",111552695,"Speeches","George W. Bush",2003-01-28
"1005",111552696,"Speeches","George W. Bush",2003-01-28
"1006",111552697,"Speeches","George W. Bush",2003-01-28
"1007",111552698,"Speeches","George W. Bush",2003-01-28
"1008",111552699,"Speeches","George W. Bush",2003-01-28
"1009",111552700,"Speeches","George W. Bush",2003-01-28
"1010",111552701,"Speeches","George W. Bush",2003-01-28
"1011",111552702,"Speeches","George W. Bush",2003-01-28
"1012",111552703,"Speeches","George W. Bush",2003-01-28
"1013",111552704,"Speeches","George W. Bush",2003-01-28
"1014",111552705,"Speeches","George W. Bush",2003-01-28
"1015",111552706,"Speeches","George W. Bush",2003-01-28
"1016",111552707,"Speeches","George W. Bush",2003-01-28
"1017",111552708,"Speeches","George W. Bush",2003-01-28
"1018",111552709,"Speeches","George W. Bush",2003-01-28
"1019",111552710,"Speeches","George W. Bush",2003-01-28
"1020",111552711,"Speeches","George W. Bush",2003-01-28
"1021",111552712,"Speeches","George W. Bush",2003-01-28
"1022",111552713,"Speeches","George W. Bush",2003-01-28
"1023",111552714,"Speeches","George W. Bush",2003-01-28
"1024",111552715,"Speeches","George W. Bush",2003-01-28
"1025",111552716,"Speeches","George W. Bush",2003-01-28
"1026",111552717,"Speeches","George W. Bush",2003-01-28
"1027",111552718,"Speeches","George W. Bush",2003-01-28
"1028",111552719,"Speeches","George W. Bush",2003-01-28
"1029",111552720,"Speeches","George W. Bush",2003-01-28
"1030",111552721,"Speeches","George W. Bush",2003-01-28
"1031",111552722,"Speeches","George W. Bush",2003-01-28
"1032",111552723,"Speeches","George W. Bush",2003-01-28
"1033",111552724,"Speeches","George W. Bush",2003-01-28
"1034",111552725,"Speeches","George W. Bush",2004-01-20
"1035",111552726,"Speeches","George W. Bush",2004-01-20
"1036",111552727,"Speeches","George W. Bush",2004-01-20
"1037",111552728,"Speeches","George W. Bush",2004-01-20
"1038",111552729,"Speeches","George W. Bush",2004-01-20
"1039",111552730,"Speeches","George W. Bush",2004-01-20
"1040",111552731,"Speeches","George W. Bush",2004-01-20
"1041",111552732,"Speeches","George W. Bush",2004-01-20
"1042",111552733,"Speeches","George W. Bush",2004-01-20
"1043",111552734,"Speeches","George W. Bush",2004-01-20
"1044",111552735,"Speeches","George W. Bush",2004-01-20
"1045",111552736,"Speeches","George W. Bush",2004-01-20
"1046",111552737,"Speeches","George W. Bush",2004-01-20
"1047",111552738,"Speeches","George W. Bush",2004-01-20
"1048",111552739,"Speeches","George W. Bush",2004-01-20
"1049",111552740,"Speeches","George W. Bush",2004-01-20
"1050",111552741,"Speeches","George W. Bush",2004-01-20
"1051",111552742,"Speeches","George W. Bush",2004-01-20
"1052",111552743,"Speeches","George W. Bush",2004-01-20
"1053",111552744,"Speeches","George W. Bush",2004-01-20
"1054",111552745,"Speeches","George W. Bush",2004-01-20
"1055",111552746,"Speeches","George W. Bush",2004-01-20
"1056",111552747,"Speeches","George W. Bush",2004-01-20
"1057",111552748,"Speeches","George W. Bush",2004-01-20
"1058",111552749,"Speeches","George W. Bush",2004-01-20
"1059",111552750,"Speeches","George W. Bush",2004-01-20
"1060",111552751,"Speeches","George W. Bush",2004-01-20
"1061",111552752,"Speeches","George W. Bush",2004-01-20
"1062",111552753,"Speeches","George W. Bush",2004-01-20
"1063",111552754,"Speeches","George W. Bush",2004-01-20
"1064",111552755,"Speeches","George W. Bush",2004-01-20
"1065",111552756,"Speeches","George W. Bush",2004-01-20
"1066",111552757,"Speeches","George W. Bush",2004-01-20
"1067",111552758,"Speeches","George W. Bush",2004-01-20
"1068",111552759,"Speeches","George W. Bush",2004-01-20
"1069",111552760,"Speeches","George W. Bush",2004-01-20
"1070",111552761,"Speeches","George W. Bush",2004-01-20
"1071",111552762,"Speeches","George W. Bush",2004-01-20
"1072",111552763,"Speeches","George W. Bush",2004-01-20
"1073",111552764,"Speeches","George W. Bush",2004-01-20
"1074",111552765,"Speeches","George W. Bush",2004-01-20
"1075",111552766,"Speeches","George W. Bush",2004-01-20
"1076",111552767,"Speeches","George W. Bush",2004-01-20
"1077",111552768,"Speeches","George W. Bush",2004-01-20
"1078",111552769,"Speeches","George W. Bush",2004-01-20
"1079",111552770,"Speeches","George W. Bush",2004-01-20
"1080",111552771,"Speeches","George W. Bush",2004-01-20
"1081",111552772,"Speeches","George W. Bush",2004-01-20
"1082",111552773,"Speeches","George W. Bush",2004-01-20
"1083",111552774,"Speeches","George W. Bush",2004-01-20
"1084",111552775,"Speeches","George W. Bush",2004-01-20
"1085",111552776,"Speeches","George W. Bush",2004-01-20
"1086",111552777,"Speeches","George W. Bush",2004-01-20
"1087",111552778,"Speeches","George W. Bush",2004-01-20
"1088",111552779,"Speeches","George W. Bush",2004-01-20
"1089",111552780,"Speeches","George W. Bush",2004-01-20
"1090",111552781,"Speeches","George W. Bush",2004-01-20
